cca2;name;name_new;pop2021;pop2020;pop2050;pop2030;pop2019;pop2015;pop2010;pop2000;pop1990;pop1980;pop1970;area;Density;GrowthRate;WorldPercentage;rank
CN;China;Mainland China;14.442.161.070;1.439.323.776;1.402.405.170;1.464.340.159;1.433.783.686;1.406.847.870;1.368.810.615;1.290.550.765;1.176.883.674;1.000.089.235;827.601.394;9706961;1.487.815;10.034;1,273611111;1
IN;India;India;13.934.090.380;1.380.004.385;1.639.176.033;1.503.642.322;1.366.417.754;1.310.152.403;1.234.281.170;1.056.575.549;873.277.798;698.952.844;555.189.792;3287590;4.238.391;10.097;1,228472222;2
US;United States;US;3.329.150.730;331.002.651;379.419.102;349.641.876;329.064.917;320.878.310;309.011.475;281.710.909;252.120.309;229.476.354;209.513.341;9372610;355.200;10.058;0,29375;3
ID;Indonesia;Indonesia;2.763.617.830;273.523.615;330.904.664;299.198.430;270.625.568;258.383.256;241.834.215;211.513.823;181.413.402;147.447.836;114.793.178;1904569;1.451.046;10.104;0,24375;4
PK;Pakistan;Pakistan;2.251.999.370;220.892.340;338.013.196;262.958.794;216.565.318;199.426.964;179.424.641;142.343.578;107.647.921;78.054.343;58.142.060;881912;2.553.542;10.195;0,198611111;5
BR;Brazil;Brazil;2.139.934.370;212.559.417;228.980.400;223.852.122;211.049.527;204.471.769;195.713.635;174.790.340;149.003.223;120.694.009;95.113.265;8515767;251.291;10.067;0,188888889;6
NG;Nigeria;Nigeria;2.114.007.080;206.139.589;401.315.000;262.977.337;200.963.599;181.137.448;158.503.197;122.283.850;95.212.450;73.423.633;55.982.144;923768;2.288.461;10.255;0,186111111;7
BD;Bangladesh;Bangladesh;1.663.034.980;164.689.383;192.567.778;178.993.869;163.046.161;156.256.276;147.575.430;127.657.854;103.171.956;79.639.491;64.232.482;147570;11.269.465;10.098;0,146527778;8
RU;Russia;Russian Federation;1.459.120.250;145.934.462;135.824.481;143.347.515;145.872.256;144.985.057;143.479.274;146.404.903;147.531.561;138.053.150;130.148.653;17098242;85.337;6,943055556;0,128472222;9
MX;Mexico;Mexico;1.302.622.160;128.932.753;155.150.818;140.875.762;127.575.529;121.858.258;114.092.963;98.899.845;83.943.132;67.761.372;51.493.565;1964375;663.123;10.103;0,114583333;10
JP;Japan;Japan;1.260.508.040;126.476.461;105.804.027;120.758.057;126.860.301;127.985.133;128.542.353;127.524.174;124.505.240;117.816.940;104.929.251;377930;3.335.295;6,920833333;0,111111111;11
ET;Ethiopia;Ethiopia;1.178.762.270;114.963.588;205.410.675;144.944.299;112.078.730;100.835.458;87.639.964;66.224.804;47.887.865;35.141.712;28.415.077;1104300;1.067.429;10.253;0,104166667;12
PH;Philippines;Philippines;1.110.469.130;109.581.078;144.488.158;123.697.925;108.116.615;102.113.212;93.966.780;77.991.755;61.895.160;47.357.743;35.803.594;342353;3.243.638;10.134;0,097916667;13
EG;Egypt;Egypt;1.042.583.270;102.334.404;159.956.808;120.831.557;100.388.073;92.442.547;82.761.235;68.831.561;56.134.475;43.309.063;34.513.850;1002450;1.040.035;10.188;0,091666667;14
VN;Vietnam;Viet Nam;981.688.330;97.338.579;109.605.011;104.163.519;96.462.106;92.677.076;87.967.651;79.910.412;67.988.862;54.281.846;43.404.793;331212;2.963.927;10.085;0,086805556;15
CD;DR Congo;Congo (Kinshasa);923.779.930;89.561.403;194.488.658;120.046.726;86.790.567;76.244.544;64.563.854;47.105.826;34.612.023;26.358.908;20.011.036;2344858;393.960;10.314;0,08125;16
TR;Turkey;Turkey;850.427.380;84.339.067;97.139.570;89.157.785;83.429.615;78.529.409;72.326.988;63.240.194;53.921.760;43.975.971;34.876.303;783562;1.085.335;10.083;0,075;17
IR;Iran;Iran (Islamic Republic of);850.287.590;83.992.949;103.098.075;92.663.708;82.913.906;78.492.215;73.762.519;65.623.405;56.366.217;38.650.246;28.513.866;1648195;515.890;10.123;0,075;18
DE;Germany;Germany;839.004.730;83.783.942;80.103.978;83.135.644;83.517.045;81.787.411;80.827.002;81.400.882;79.053.984;78.283.100;78.578.385;357114;2.349.403;10.014;0,074305556;19
TH;Thailand;Thailand;699.508.500;69.799.978;65.940.489;70.345.536;69.625.582;68.714.511;67.195.028;62.952.642;56.558.186;47.374.472;36.884.536;513120;1.363.245;10.022;0.0089;20
GB;United Kingdom;UK;682.071.160;67.886.011;74.081.981;70.485.490;67.530.172;65.860.146;63.459.808;58.923.309;57.134.391;56.209.171;55.573.453;242900;2.808.033;10.047;0.0087;21
FR;France;France;654.261.790;65.273.511;67.586.728;66.695.702;65.129.728;64.453.200;62.879.530;59.015.096;56.666.849;53.868.009;50.763.920;551695;1.185.912;10.023;0.0083;22
TZ;Tanzania;Tanzania;614.984.370;59.734.218;129.386.839;79.162.725;58.005.463;51.482.633;44.346.525;33.499.180;25.203.845;18.538.259;13.535.481;945087;650.717;10.295;0.0078;23
IT;Italy;Italy;603.674.770;60.461.826;54.381.673;59.031.475;60.550.075;60.578.494;59.325.229;56.692.178;57.048.236;56.349.349;53.518.969;301336;2.003.328;6,933333333;0.0077;24
ZA;South Africa;South Africa;600.419.940;59.308.690;75.517.920;65.956.081;58.558.270;55.386.367;51.216.964;44.967.708;36.800.509;28.556.769;22.069.776;1221037;491.730;10.124;0.0076;25
KE;Kenya;Kenya;549.856.980;53.771.296;91.575.089;66.449.654;52.573.973;47.878.336;42.030.676;31.964.557;23.724.579;16.417.197;11.301.394;580367;947.430;10.226;0.0070;26
MM;Myanmar;Burma;548.060.120;54.409.800;62.253.430;58.478.494;54.045.420;52.680.726;50.600.818;46.719.701;41.335.199;34.224.313;27.269.069;676578;810.047;10.073;0.0070;27
KR;South Korea;Republic of Korea;513.051.860;51.269.185;46.829.925;51.152.046;51.225.308;50.823.093;49.545.636;47.379.241;42.918.419;38.045.607;32.195.681;100210;5.119.767;10.007;0.0065;28
CO;Colombia;Colombia;512.658.440;50.882.891;55.957.824;53.416.763;50.339.443;47.520.667;45.222.700;39.629.968;33.102.575;26.900.506;21.480.065;1141748;449.012;10.075;0.0065;29
UG;Uganda;Uganda;471.235.310;45.741.007;89.446.904;59.437.928;44.269.594;38.225.453;32.428.167;23.650.172;17.354.392;12.442.334;9.405.600;241550;1.950.881;10.302;0.0060;30
ES;Spain;Spain;467.452.160;46.754.778;43.637.410;46.230.140;46.736.776;46.671.926;46.931.015;40.824.754;39.202.525;37.698.196;33.883.749;505992;923.833;6,943055556;0.0059;31
AR;Argentina;Argentina;456.058.260;45.195.774;54.867.256;49.056.162;44.780.677;43.075.416;40.895.752;36.870.787;32.618.651;27.896.528;23.880.561;2780400;164.026;10.091;0.0058;32
SD;Sudan;Sudan;449.093.530;43.849.260;81.192.823;55.253.529;42.813.238;38.902.950;34.545.013;27.275.015;20.147.590;14.507.468;10.281.700;1886068;238.111;10.242;0.0057;33
DZ;Algeria;Algeria;446.166.240;43.851.044;60.923.386;50.360.749;43.053.054;39.728.025;35.977.455;31.042.235;25.758.869;19.221.665;14.464.985;2381741;187.328;10.175;0.0057;34
UA;Ukraine;Ukraine;434.668.190;43.733.762;35.219.042;40.882.329;43.993.638;44.921.639;45.792.090;48.838.065;51.463.105;49.965.874;47.088.857;603500;720.246;6,902083333;0.0055;35
IQ;Iraq;Iraq;411.793.500;40.222.493;70.940.126;50.193.756;39.309.783;35.572.261;29.741.976;23.497.585;17.419.113;13.653.354;9.917.983;438317;939.488;10.238;0.0052;36
AF;Afghanistan;Afghanistan;398.354.280;38.928.346;64.682.974;48.093.578;38.041.754;34.413.603;29.185.507;20.779.953;12.412.308;13.356.511;11.173.642;652230;610.757;10.233;0.0051;37
CA;Canada;Canada;380.679.030;37.742.154;45.669.441;40.833.727;37.411.047;36.026.676;34.147.564;30.588.383;27.541.319;24.416.886;21.374.326;9984670;38.126;10.086;0.0048;38
PL;Poland;Poland;377.970.050;37.846.611;33.294.567;36.944.563;37.887.768;38.034.079;38.329.781;38.556.693;37.960.193;35.539.720;32.639.258;312679;1.208.812;6,935416667;0.0048;39
MA;Morocco;Morocco;373.447.950;36.910.560;46.165.501;40.887.295;36.471.769;34.663.603;32.343.389;28.793.679;24.807.462;19.990.012;16.004.731;446550;836.296;10.118;0.0047;40
SA;Saudi Arabia;Saudi Arabia;353.406.830;34.813.871;44.562.476;39.322.338;34.268.528;31.717.667;27.421.461;20.663.843;16.233.785;9.691.476;5.836.389;2149690;164.399;10.151;0.0045;41
UZ;Uzbekistan;Uzbekistan;339.357.630;33.469.203;42.942.485;37.418.456;32.981.716;30.929.557;28.515.909;24.769.955;20.398.348;15.898.757;12.080.317;447400;758.511;10.139;0.0043;42
AO;Angola;Angola;339.336.100;32.866.272;77.420.346;44.834.712;31.825.295;27.884.381;23.356.246;16.395.473;11.848.386;8.341.289;5.890.365;1246700;272.187;10.325;0.0043;43
PE;Peru;Peru;333.594.180;32.971.854;40.373.987;36.030.592;32.510.453;30.470.734;29.027.674;26.459.944;22.071.433;17.547.610;13.459.794;1285216;259.563;10.118;0.0042;44
MY;Malaysia;Malaysia;327.761.940;32.365.999;40.550.365;36.095.054;31.949.777;30.270.962;28.208.035;23.194.257;18.029.824;13.798.085;10.804.131;330803;990.807;10.127;0.0042;45
MZ;Mozambique;Mozambique;321.630.470;31.255.435;65.312.929;41.184.834;30.366.036;27.042.002;23.531.574;17.711.927;12.987.292;11.630.194;9.022.741;801590;401.241;10.290;0.0041;46
GH;Ghana;Ghana;317.321.290;31.072.940;52.016.125;37.833.419;30.417.856;27.849.205;24.779.619;19.278.856;14.773.277;11.056.116;8.735.495;238533;1.330.304;10.212;0.0040;47
YE;Yemen;Yemen;304.906.400;29.825.964;48.080.021;36.406.888;29.161.922;26.497.889;23.154.855;17.409.072;11.709.993;7.941.898;6.193.384;527968;577.509;10.223;0.0039;48
NP;Nepal;Nepal;296.749.200;29.136.808;35.323.921;33.389.536;28.608.710;27.015.031;27.013.212;23.941.110;18.905.478;15.016.402;12.074.626;147181;2.016.219;10.185;0.0038;49
VE;Venezuela;Venezuela;287.049.540;28.435.940;37.023.115;33.626.469;28.515.829;30.081.829;28.439.940;24.192.446;19.632.665;15.182.611;11.396.393;916445;313.221;10.095;0.0036;50
MG;Madagascar;Madagascar;284.273.280;27.691.018;54.048.128;35.622.321;26.969.307;24.234.088;21.151.640;15.766.806;11.598.633;8.716.553;6.576.305;587041;484.248;10.266;0.0036;51
CM;Cameroon;Cameroon;272.242.650;26.545.863;50.573.042;33.766.121;25.876.380;23.298.368;20.341.241;15.513.945;11.780.088;8.621.406;6.519.762;475442;572.610;10.256;0.0035;52
CI;Ivory Coast;Cote d'Ivoire;270.536.290;26.378.274;51.263.671;33.712.599;25.716.544;23.226.143;20.532.950;16.454.668;11.924.877;8.033.650;5.102.064;322463;838.968;10.256;0.0034;53
KP;North Korea;North Korea;258.870.410;25.778.816;26.561.619;26.651.329;25.666.161;25.183.833;24.548.836;22.929.075;20.293.054;17.472.140;14.410.400;120538;2.147.625;10.042;0.0033;54
AU;Australia;Australia;257.882.150;25.499.884;32.814.113;28.177.481;25.203.198;23.932.502;22.154.679;18.991.431;16.960.597;14.588.405;12.793.034;7692024;33.526;10.113;0.0033;55
NE;Niger;Niger;251.308.170;24.206.644;65.593.043;34.846.020;23.310.715;20.001.663;16.464.025;11.331.557;8.026.591;5.989.004;4.510.644;1267000;198.349;10.382;0.0032;56
TW;Taiwan;Taipei and environs;238.550.100;23.816.775;22.412.982;24.011.258;23.773.876;23.557.477;23.187.551;21.966.527;20.478.520;17.905.458;14.924.455;36193;6.591.056;10.016;0.0030;57
LK;Sri Lanka;Sri Lanka;214.973.100;21.413.249;21.813.968;22.023.016;21.323.733;20.908.027;20.261.737;18.777.601;17.325.773;15.035.834;12.485.740;65610;3.276.529;10.039;0.0027;58
BF;Burkina Faso;Burkina Faso;214.970.960;20.903.273;43.432.184;27.404.039;20.321.378;18.110.624;15.605.217;11.607.942;8.811.034;6.822.843;5.624.600;272967;787.535;10.284;0.0027;59
ML;Mali;Mali;208.557.350;20.250.833;43.585.530;26.957.396;19.658.031;17.438.778;15.049.353;10.946.445;8.449.913;7.090.126;5.949.045;1240192;168.165;10.299;0.0026;60
MW;Malawi;Malawi;196.476.840;19.129.952;38.142.973;24.849.440;18.628.747;16.745.303;14.539.612;11.148.758;9.404.500;6.250.440;4.703.782;118484;1.658.256;10.271;0.0025;61
CL;Chile;Chile;192.123.610;19.116.201;20.319.307;19.458.103;18.952.038;17.969.353;17.062.536;15.342.353;13.274.623;11.419.348;9.783.134;756102;254.097;10.050;0.0024;62
RO;Romania;Romania;191.277.740;19.237.691;16.259.787;18.306.101;19.364.557;19.925.175;20.471.864;22.137.419;23.489.160;22.615.639;20.548.911;238391;802.370;6,904861111;0.0024;63
KZ;Kazakhstan;Kazakhstan;189.949.620;18.776.707;24.024.045;20.639.021;18.551.427;17.572.016;16.252.279;14.922.719;16.383.887;14.796.174;13.036.139;2724900;69.709;10.116;0.0024;64
ZM;Zambia;Zambia;189.206.510;18.383.955;39.120.917;24.325.505;17.861.030;15.879.361;13.605.984;10.415.944;8.036.845;5.851.825;4.179.067;752612;251.400;10.292;0.0024;65
SY;Syria;Syria;182.757.020;17.500.658;33.129.321;26.676.565;17.070.135;17.997.408;21.362.529;16.410.848;12.446.171;8.930.774;6.350.541;185180;986.916;10.443;0.0023;66
GT;Guatemala;Guatemala;182.498.600;17.915.568;26.920.712;21.212.561;17.581.472;16.252.429;14.630.417;11.650.743;9.263.813;7.283.459;5.621.792;108889;1.676.006;10.187;0.0023;67
EC;Ecuador;Ecuador;178.884.750;17.643.054;23.316.457;19.818.797;17.373.662;16.212.020;15.011.117;12.681.123;10.230.934;7.989.186;6.069.376;276841;646.164;10.139;0.0023;68
SN;Senegal;Senegal;171.963.010;16.743.927;33.186.859;21.551.460;16.296.364;14.578.459;12.678.148;9.797.734;7.526.307;5.583.165;4.257.505;196722;874.142;10.270;0.0022;69
NL;Netherlands;St. Martin;171.730.990;17.134.872;17.165.372;17.450.322;17.097.130;16.938.499;16.682.917;15.926.188;14.965.448;14.148.415;13.001.943;41850;4.103.488;10.022;0.0022;70
KH;Cambodia;Cambodia;169.464.380;16.718.965;21.860.919;18.781.033;16.486.542;15.521.436;14.312.212;12.155.239;8.975.597;6.693.764;6.996.576;181035;936.086;10.136;0.0022;71
TD;Chad;Chad;169.149.850;16.425.864;34.031.311;21.690.381;15.946.876;14.110.975;11.952.136;8.355.654;5.963.252;4.514.430;3.643.604;1284000;131.737;10.298;0.0021;72
SO;Somalia;Somalia;163.595.040;15.893.222;34.922.447;21.191.037;15.442.905;13.797.201;12.043.883;8.872.254;7.225.092;6.281.134;3.444.568;637657;256.556;10.293;0.0021;73
ZW;Zimbabwe;Zimbabwe;150.921.710;14.862.924;23.947.923;17.596.447;14.645.468;13.814.629;12.697.723;11.881.477;10.432.421;7.408.624;5.289.303;390757;386.229;10.154;0.0019;74
GN;Guinea;Guinea;134.972.440;13.132.795;25.971.806;17.020.915;12.771.246;11.432.088;10.192.176;8.240.730;6.352.283;4.871.435;4.154.605;245857;548.988;10.278;0.0017;75
RW;Rwanda;Rwanda;132.765.130;12.952.218;23.048.005;16.234.387;12.626.950;11.369.071;10.039.338;7.933.681;7.288.882;5.153.312;3.757.358;26338;5.040.820;10.250;0.0017;76
BJ;Benin;Benin;124.510.400;12.123.200;24.280.477;15.672.304;11.801.151;10.575.952;9.199.259;6.865.951;4.978.496;3.717.165;2.912.340;112622;1.105.560;10.270;0.0016;77
BI;Burundi;Burundi;122.554.330;11.890.784;25.324.761;15.772.822;11.530.580;10.160.030;8.675.602;6.378.871;5.438.957;4.157.298;3.479.074;27834;4.403.044;10.307;0.0016;78
TN;Tunisia;Tunisia;119.357.660;11.818.619;13.796.600;12.755.757;11.694.719;11.179.949;10.635.244;9.708.350;8.242.496;6.374.039;5.063.809;163610;729.525;10.099;0.0015;79
BO;Bolivia;Bolivia;118.329.400;11.673.021;15.839.563;13.240.382;11.513.100;10.869.730;10.048.590;8.418.264;6.864.842;5.579.935;4.484.004;1098581;107.711;10.137;0.0015;80
BE;Belgium;Belgium;116.323.260;11.589.623;12.220.765;11.903.750;11.539.328;11.287.940;10.938.739;10.282.033;10.006.544;9.868.995;9.632.180;30528;3.810.379;10.037;0.0015;81
HT;Haiti;Haiti;115.416.850;11.402.528;14.877.779;12.733.238;11.263.077;10.695.542;9.949.322;8.463.806;7.037.917;5.643.173;4.676.230;27750;4.159.166;10.122;0.0015;82
SS;South Sudan;South Sudan;113.813.780;11.193.725;19.962.712;13.839.272;11.062.113;10.715.658;9.508.364;6.199.394;5.492.623;4.502.604;3.494.004;619745;183.646;10.168;0.0014;83
CU;Cuba;Cuba;113.175.050;11.326.616;10.162.396;11.142.328;11.333.483;11.324.781;11.225.832;11.126.430;10.596.987;9.849.459;8.712.541;109884;1.029.950;6,938888889;0.0014;84
DO;Dominican Republic;Dominican Republic;109.537.030;10.847.910;12.795.809;11.770.322;10.738.958;10.281.680;9.695.121;8.471.321;7.133.494;5.803.927;4.499.720;48671;2.250.560;10.098;0.0014;85
CZ;Czech Republic;Czechia;107.245.550;10.708.981;10.545.581;10.744.834;10.689.209;10.601.397;10.536.518;10.289.373;10.340.875;10.349.083;9.817.669;78865;1.359.862;10.015;0.0014;86
GR;Greece;Greece;103.707.440;10.423.054;9.029.249;9.917.250;10.473.455;10.659.750;10.887.637;11.082.104;10.225.992;9.627.002;8.663.571;131990;785.722;6,909722222;0.0013;87
JO;Jordan;Jordan;102.690.210;10.203.134;12.932.410;10.655.181;10.101.694;9.266.575;7.261.539;5.122.493;3.565.890;2.377.995;1.721.323;89342;1.149.406;10.065;0.0013;88
AZ;Azerbaijan;Azerbaijan;102.233.420;10.139.177;11.064.999;10.739.732;10.047.718;9.622.745;9.032.461;8.122.741;7.242.761;6.150.733;5.180.023;86600;1.180.524;10.083;0.0013;89
PT;Portugal;Portugal;101.679.250;10.196.709;9.084.576;9.912.679;10.226.187;10.368.351;10.596.058;10.297.112;9.895.364;9.750.964;8.651.340;92090;1.104.129;6,925;0.0013;90
SE;Sweden;Sweden;101.601.690;10.099.265;11.389.196;10.629.981;10.036.379;9.764.950;9.390.168;8.881.640;8.567.384;8.316.338;8.054.916;450295;225.634;10.060;0.0013;91
HN;Honduras;Honduras;100.629.910;9.904.607;13.830.799;11.449.249;9.746.117;9.112.916;8.317.470;6.574.509;4.955.303;3.678.279;2.716.654;112492;894.552;10.160;0.0013;92
AE;United Arab Emirates;United Arab Emirates;99.910.890;9.890.402;10.425.287;10.661.076;9.770.529;9.262.900;8.549.988;3.134.062;1.828.432;1.019.509;234.514;83600;1.195.106;10.102;0.0013;93
TJ;Tajikistan;Tajikistan;97.496.270;9.537.645;16.208.250;11.557.369;9.321.018;8.454.028;7.527.394;6.216.341;5.283.814;3.905.446;2.930.107;143100;681.316;10.222;0.0012;94
HU;Hungary;Hungary;96.341.640;9.660.351;8.470.230;9.338.446;9.684.679;9.777.923;9.927.370;10.220.507;10.377.137;10.754.286;10.366.105;93028;1.035.620;6,925694444;0.0012;95
BY;Belarus;Belarus;94.428.620;9.449.323;8.634.225;9.264.784;9.452.411;9.439.423;9.420.574;9.871.632;10.151.134;9.569.847;8.913.552;207600;454.858;6,939583333;0.0012;96
PG;Papua New Guinea;Papua New Guinea;91.190.100;8.947.024;14.204.066;10.709.348;8.776.109;8.107.775;7.310.507;5.847.586;4.615.839;3.571.205;2.783.121;462840;197.023;10.192;0.0012;97
AT;Austria;Austria;90.430.700;9.006.398;9.130.699;9.175.689;8.955.102;8.678.660;8.409.949;8.069.276;7.723.949;7.609.752;7.516.239;83871;1.078.212;10.041;0.0011;98
IL;Israel;Israel;87.897.740;8.655.535;12.720.416;9.979.698;8.519.377;7.978.490;7.346.446;5.945.950;4.448.353;3.700.919;2.813.749;20770;4.231.957;10.155;0.0011;99
CH;Switzerland;Switzerland;87.154.940;8.654.622;9.817.721;9.185.115;8.591.365;8.296.775;7.808.675;7.143.761;6.652.868;6.283.832;6.150.852;41284;2.111.107;10.070;0.0011;100
RS;Serbia;Kosovo;86.975.500;8.737.371;7.083.833;8.250.431;8.772.235;8.876.777;8.991.254;9.487.616;9.517.675;8.908.294;8.119.860;88361;984.320;6,9125;0.0011;101
TG;Togo;Togo;84.782.500;8.278.724;15.415.499;10.421.916;8.082.366;7.323.158;6.421.679;4.924.402;3.774.312;2.720.839;2.115.522;56785;1.493.044;10.241;0.0011;102
SL;Sierra Leone;Sierra Leone;81.413.430;7.976.983;12.944.873;9.648.691;7.813.215;7.171.914;6.415.634;4.584.571;4.319.762;3.388.495;2.744.891;71740;1.134.840;10.206;0.0010;103
HK;Hong Kong;Hong Kong SAR;75.528.100;7.496.981;8.041.048;8.018.670;7.436.154;7.185.996;6.966.331;6.606.327;5.727.938;4.868.742;3.848.924;1104;68.413.134;10.074;0.0010;104
LA;Laos;Laos;73.793.580;7.275.560;9.479.747;8.226.273;7.169.455;6.741.164;6.249.165;5.323.700;4.258.472;3.258.144;2.688.428;236800;311.628;10.143;0.0009;105
PY;Paraguay;Paraguay;72.196.380;7.132.538;9.101.631;7.949.971;7.044.636;6.688.746;6.248.020;5.323.201;4.223.415;3.181.625;2.474.763;406752;177.495;10.122;0.0009;106
LY;Libya;Libya;69.585.320;6.871.292;8.525.414;7.606.415;6.777.452;6.418.315;6.197.663;5.357.891;4.436.661;3.219.466;2.133.526;1759540;39.547;10.127;0.0009;107
BG;Bulgaria;Bulgaria;68.966.630;6.948.445;5.385.441;6.416.749;7.000.119;7.199.741;7.425.008;7.997.957;8.841.458;8.878.791;8.507.551;110879;621.999;6,892361111;0.0009;108
LB;Lebanon;Lebanon;67.691.460;6.825.445;6.528.164;6.194.844;6.855.713;6.532.678;4.953.061;3.842.778;2.803.044;2.588.929;2.297.434;10452;6.476.412;6,8875;0.0009;109
NI;Nicaragua;Nicaragua;67.023.850;6.624.554;8.531.048;7.391.881;6.545.502;6.223.240;5.824.065;5.069.302;4.173.434;3.265.519;2.406.513;130373;514.093;10.117;0.0009;110
KG;Kyrgyzstan;Kyrgyzstan;66.283.560;6.524.195;9.126.108;7.446.104;6.415.850;5.959.121;5.422.293;4.920.712;4.372.885;3.610.970;2.969.851;199951;331.499;10.160;0.0008;111
SV;El Salvador;El Salvador;65.184.990;6.486.205;6.936.786;6.778.586;6.453.553;6.325.124;6.183.875;5.887.936;5.270.079;4.591.134;3.673.068;21041;3.097.999;10.050;0.0008;112
TM;Turkmenistan;Turkmenistan;61.179.240;6.031.200;7.949.281;6.782.355;5.942.089;5.565.287;5.087.213;4.516.133;3.683.967;2.876.808;2.195.175;488100;125.342;10.144;0.0008;113
SG;Singapore;Singapore;58.966.860;5.850.342;6.407.532;6.262.466;5.804.337;5.592.152;5.131.172;4.028.871;3.012.966;2.411.688;2.072.283;710;83.051.915;10.079;0.0007;114
DK;Denmark;Denmark;58.132.980;5.792.202;6.245.374;6.001.867;5.771.876;5.688.695;5.554.844;5.341.194;5.141.115;5.123.945;4.931.241;43094;1.348.981;10.036;0.0007;115
CG;Republic of the Congo;Congo (Brazzaville);56.570.130;5.518.087;10.701.994;7.019.831;5.380.508;4.856.095;4.273.731;3.127.411;2.356.737;1.777.934;1.326.885;342000;165.410;10.252;0.0007;116
FI;Finland;Finland;55.483.600;5.540.720;5.486.143;5.580.537;5.532.156;5.481.122;5.365.782;5.187.954;4.996.222;4.788.243;4.612.366;338424;163.947;10.014;0.0007;117
NO;Norway;Norway;54.656.300;5.421.241;6.600.338;5.875.913;5.378.857;5.199.836;4.885.878;4.499.367;4.247.285;4.086.076;3.876.060;323802;168.795;10.082;0.0007;118
SK;Slovakia;Slovakia;54.607.210;5.459.642;4.983.648;5.403.400;5.457.013;5.435.611;5.404.294;5.399.211;5.288.454;4.996.731;4.538.841;49037;1.113.592;10.002;0.0007;119
OM;Oman;Oman;52.233.750;5.106.626;6.915.444;5.936.081;4.974.986;4.267.348;3.041.434;2.267.973;1.812.161;1.154.377;723.851;309500;168.768;10.229;0.0007;120
PS;Palestine;occupied Palestinian territory;52.227.480;5.101.414;8.815.774;6.341.728;4.981.420;4.529.166;4.055.631;3.224.003;2.101.446;1.510.713;1.126.629;6220;8.396.701;10.238;0.0007;121
LR;Liberia;Liberia;51.802.030;5.057.681;9.339.752;6.371.553;4.937.374;4.472.230;3.891.356;2.848.456;2.075.912;1.853.001;1.400.730;111369;465.139;10.242;0.0007;122
CR;Costa Rica;Costa Rica;51.390.520;5.094.118;5.772.699;5.468.038;5.047.561;4.847.804;4.577.378;3.962.372;3.119.433;2.389.977;1.847.394;51100;1.005.685;10.088;0.0007;123
IE;Ireland;North Ireland;49.829.070;4.937.786;5.677.615;5.248.041;4.882.495;4.652.425;4.554.321;3.783.103;3.510.885;3.384.756;2.908.421;70273;709.078;10.091;0.0006;124
CF;Central African Republic;Central African Republic;49.199.810;4.829.767;8.400.956;5.942.211;4.745.185;4.493.170;4.386.768;3.640.427;2.806.734;2.199.356;1.811.144;622984;78.974;10.187;0.0006;125
NZ;New Zealand;New Zealand;48.606.430;4.822.233;5.607.793;5.172.962;4.783.063;4.614.532;4.370.062;3.858.999;3.398.172;3.146.619;2.818.387;270467;179.713;10.080;0.0006;126
MR;Mauritania;Mauritania;47.751.190;4.649.658;9.024.892;5.967.168;4.525.696;4.046.301;3.494.195;2.630.219;2.034.346;1.540.640;1.146.780;1030700;46.329;10.270;0.0006;127
PA;Panama;Panama;43.815.790;4.314.767;5.852.947;4.927.612;4.246.439;3.968.487;3.642.687;3.030.328;2.470.947;1.978.487;1.519.285;75417;580.980;10.155;0.0006;128
KW;Kuwait;Kuwait;43.285.500;4.270.571;5.393.472;4.747.081;4.207.083;3.835.591;2.991.884;2.045.123;2.095.344;1.368.677;744.450;17818;2.429.313;10.136;0.0005;129
HR;Croatia;Croatia;40.816.510;4.105.267;3.364.800;3.877.272;4.130.304;4.232.874;4.328.165;4.428.075;4.776.374;4.598.130;4.423.073;56594;721.216;6,904166667;0.0005;130
MD;Moldova;Republic of Moldova;40.240.190;4.033.963;3.360.177;3.885.896;4.043.263;4.070.700;4.086.081;4.202.658;4.365.564;4.011.076;3.595.555;33846;1.188.920;6,927083333;0.0005;131
GE;Georgia;Georgia;39.797.650;3.989.167;3.516.865;3.853.306;3.996.765;4.024.183;4.099.099;4.362.187;5.410.399;5.017.833;4.713.342;69700;570.985;6,927777778;0.0005;132
ER;Eritrea;Eritrea;36.014.670;3.546.421;6.005.490;4.240.213;3.497.117;3.342.818;3.170.435;2.292.416;2.258.653;1.733.416;1.310.945;117600;306.247;10.155;0.0005;133
UY;Uruguay;Uruguay;34.851.510;3.473.730;3.639.109;3.569.471;3.461.734;3.412.009;3.359.275;3.319.736;3.109.601;2.915.389;2.809.793;181034;192.514;10.033;0.0004;134
MN;Mongolia;Mongolia;33.292.890;3.278.290;4.448.930;3.716.210;3.225.167;2.998.439;2.719.896;2.397.418;2.184.145;1.689.622;1.278.825;1564110;21.286;10.156;0.0004;135
BA;Bosnia and Herzegovina;Bosnia and Herzegovina;32.634.660;3.280.819;2.685.037;3.126.648;3.301.000;3.429.361;3.705.472;3.751.176;4.463.423;4.179.855;3.760.529;51209;637.284;6,907638889;0.0004;136
JM;Jamaica;Jamaica;29.734.630;2.961.167;2.960.317;3.047.974;2.948.279;2.891.021;2.810.460;2.654.701;2.419.906;2.162.846;1.875.642;10991;2.705.362;10.042;0.0004;137
AM;Armenia;Armenia;29.681.270;2.963.243;2.816.112;2.967.005;2.957.731;2.925.553;2.877.319;3.069.591;3.538.171;3.099.754;2.525.068;29743;997.925;10.016;0.0004;138
QA;Qatar;Qatar;29.305.280;2.881.053;3.851.131;3.326.890;2.832.067;2.565.710;1.856.327;592.468;476.278;223.632;109.514;11586;2.529.370;10.172;0.0004;139
AL;Albania;Albania;28.729.330;2.877.797;2.424.061;2.786.974;2.880.917;2.890.513;2.948.023;3.129.243;3.286.073;2.682.690;2.150.707;28748;999.351;6,932638889;0.0004;140
PR;Puerto Rico;Puerto Rico;28.282.550;2.860.853;2.445.386;2.905.352;2.933.408;3.381.518;3.579.841;3.668.960;3.403.154;3.090.691;2.631.707;8870;3.188.563;6,865277778;0.0004;141
LT;Lithuania;Lithuania;26.898.620;2.722.289;2.121.397;2.484.803;2.759.627;2.931.880;3.123.816;3.501.839;3.696.035;3.430.760;3.136.586;65300;411.924;6,861805556;0.0003;142
NA;Namibia;Namibia;25.873.440;2.540.905;3.981.130;3.010.871;2.494.530;2.314.904;2.118.874;1.794.571;1.432.905;1.057.727;817.469;825615;31.338;10.183;0.0003;143
GM;Gambia;The Gambia;24.869.450;2.416.668;4.882.101;3.170.685;2.347.706;2.085.860;1.793.196;1.317.703;955.593;637.246;464.410;10689;2.326.640;10.291;0.0003;144
BW;Botswana;Botswana;23.972.410;2.351.627;3.509.819;2.774.340;2.303.697;2.120.716;1.987.105;1.643.334;1.286.756;897.868;627.715;582000;41.190;10.194;0.0003;145
GA;Gabon;Gabon;22.788.250;2.225.734;3.809.050;2.744.451;2.172.579;1.947.686;1.624.140;1.228.360;949.488;726.328;589.314;267668;85.136;10.239;0.0003;146
LS;Lesotho;Lesotho;21.590.790;2.142.249;2.665.270;2.325.164;2.125.268;2.059.021;1.995.581;2.032.804;1.703.747;1.340.255;1.028.926;30355;711.276;10.079;0.0003;147
MK;North Macedonia;North Macedonia;20.826.580;2.083.374;1.856.775;2.050.747;2.083.459;2.079.328;2.070.741;2.034.819;1.996.228;1.924.197;1.720.800;25713;809.963;6,942361111;0.0003;148
SI;Slovenia;Slovenia;20.787.240;2.078.938;1.939.592;2.056.193;2.078.654;2.071.199;2.043.337;1.987.717;2.006.405;1.835.831;1.669.581;20273;1.025.366;6,94375;0.0003;149
GW;Guinea-Bissau;Guinea-Bissau;20.154.940;1.968.001;3.557.201;2.461.208;1.920.922;1.737.202;1.522.599;1.201.301;975.261;781.677;704.939;36125;557.922;10.241;0.0003;150
LV;Latvia;Latvia;18.669.420;1.886.198;1.479.172;1.720.146;1.906.743;1.997.674;2.118.861;2.384.164;2.664.439;2.521.391;2.378.021;64559;289.184;6,873611111;0.0002;151
BH;Bahrain;Bahrain;17.482.960;1.701.575;2.316.049;2.013.416;1.641.172;1.371.851;1.240.860;664.611;495.931;359.888;212.605;765;22.853.542;10.275;0.0002;152
GQ;Equatorial Guinea;Equatorial Guinea;14.498.960;1.402.985;2.820.925;1.873.549;1.355.986;1.168.568;943.639;606.181;419.188;249.929;303.982;28051;516.879;10.334;0.0002;153
TT;Trinidad and Tobago;Trinidad and Tobago;14.033.750;1.399.488;1.343.789;1.413.415;1.394.973;1.370.328;1.328.147;1.267.153;1.221.116;1.084.744;945.360;5130;2.735.624;10.028;0.0002;154
TL;Timor-Leste;East Timor;13.438.730;1.318.445;2.019.291;1.574.057;1.293.119;1.196.302;1.093.523;884.366;737.814;599.905;571.565;14874;903.505;10.193;0.0002;155
EE;Estonia;Estonia;13.251.850;1.326.535;1.158.408;1.279.962;1.325.648;1.315.325;1.332.101;1.399.112;1.565.246;1.474.439;1.360.202;45227;293.007;6,9375;0.0002;156
MU;Mauritius;Mauritius;12.734.330;1.271.768;1.185.529;1.274.041;1.269.668;1.259.456;1.247.955;1.185.145;1.055.868;966.031;826.441;2040;6.242.319;10.013;0.0002;157
CY;Cyprus;Cyprus;12.155.840;1.207.359;1.354.591;1.274.972;1.198.575;1.160.985;1.112.612;943.290;766.615;685.405;613.618;9251;1.314.003;10.068;0.0002;158
SZ;Eswatini;Eswatini;11.723.620;1.160.164;1.704.428;1.297.835;1.148.130;1.104.044;1.064.837;1.005.435;822.420;587.858;431.253;17364;675.168;10.105;0.0001;159
DJ;Djibouti;Djibouti;10.021.870;988.000;1.295.373;1.116.724;973.560;913.993;840.198;717.584;590.398;358.960;159.659;23200;431.977;10.144;0.0001;160
FJ;Fiji;Fiji;9.029.060;896.445;1.071.255;966.015;889.953;868.627;859.818;811.006;728.573;635.307;520.562;18272;494.147;10.072;0.0001;161
RE;Reunion;Reunion;9.016.860;895.312;1.009.876;954.806;888.927;863.363;830.519;736.710;610.582;509.265;462.025;2511;3.590.944;10.071;0.0001;162
KM;Comoros;Comoros;8.884.510;869.601;1.471.737;1.063.114;850.886;777.424;689.692;542.357;411.594;307.829;230.054;1862;4.771.488;10.217;0.0001;163
GY;Guyana;Guyana;7.903.260;786.552;824.957;821.590;782.766;767.432;749.436;746.715;743.309;780.153;704.934;214969;36.765;10.048;0.0001;164
BT;Bhutan;Bhutan;7.798.980;771.608;904.616;842.670;763.092;727.876;685.503;591.021;530.804;406.875;297.316;38394;203.130;10.107;0.0001;165
SB;Solomon Islands;Solomon Islands;7.039.960;686.884;1.290.216;864.605;669.823;603.118;527.861;412.660;311.866;230.546;160.250;28896;243.631;10.249;0.0001;166
MO;Macau;Macao SAR;6.583.940;649.335;838.368;731.874;640.445;602.085;538.219;427.782;343.808;238.071;246.194;30;219.464.667;10.140;0.0001;167
LU;Luxembourg;Luxembourg;6.348.140;625.978;789.942;690.348;615.729;566.741;507.889;436.103;381.791;364.038;339.668;2586;2.454.811;10.141;0.0001;168
ME;Montenegro;Montenegro;6.280.530;628.066;589.333;624.059;627.987;626.956;624.275;613.559;615.002;580.754;519.696;13812;454.715;10.000;0.0001;169
EH;Western Sahara;Western Sahara;6.118.750;597.339;984.023;737.345;582.463;526.216;480.274;314.118;217.258;150.877;76.874;266000;23.003;10.243;0.0001;170
SR;Suriname;Suriname;5.918.000;586.632;680.241;632.401;581.372;559.143;529.131;470.949;405.168;359.519;367.931;163820;36.125;10.088;0.0001;171
CV;Cape Verde;Cabo Verde;5.618.980;555.987;679.394;610.057;549.935;524.743;492.654;428.188;337.950;283.847;268.627;4033;1.393.251;10.106;0.0001;172
MV;Maldives;Maldives;5.436.170;540.544;586.100;519.341;530.953;454.915;365.734;279.398;223.158;158.272;115.691;300;18.120.567;10.057;0.0001;173
MT;Malta;Malta;4.427.840;441.543;426.787;448.899;440.372;433.559;414.253;393.645;362.015;331.497;320.545;316;14.012.152;10.028;0.0001;174
BN;Brunei;Brunei;4.415.320;437.479;492.385;470.990;433.285;414.907;388.646;333.165;258.721;193.879;129.529;5765;765.884;10.093;0.0001;175
BZ;Belize;Belize;4.049.140;397.628;571.042;467.633;390.353;360.933;322.464;247.315;187.552;144.155;122.182;22966;176.310;10.183;0.0001;176
GP;Guadeloupe;Guadeloupe;4.000.200;400.124;386.922;400.246;400.056;400.255;406.071;422.051;389.249;336.685;321.883;1628;2.457.125;6,942361111;0.0001;177
BS;Bahamas;The Bahamas;3.969.130;393.244;463.333;426.813;389.482;374.206;354.942;298.051;256.223;210.591;169.377;13943;284.668;10.093;0.0001;178
MQ;Martinique;Martinique;3.747.450;375.265;331.960;367.716;375.554;378.478;394.663;387.004;358.449;325.454;325.011;1128;3.322.207;6,934722222;0.0000;179
IS;Iceland;Iceland;3.433.530;341.243;376.693;359.711;339.031;330.243;320.328;280.435;255.043;228.262;204.426;103000;33.335;10.062;0.0000;180
VU;Vanuatu;Vanuatu;3.144.640;307.145;556.756;383.373;299.882;271.130;236.211;184.972;146.573;115.597;85.377;12189;257.990;10.238;0.0000;181
GF;French Guiana;French Guiana;3.064.480;298.682;544.807;377.611;290.832;260.999;233.002;163.165;115.784;66.977;47.930;83534;36.685;10.260;0.0000;182
NC;New Caledonia;New Caledonia;2.882.180;285.498;346.510;311.024;282.750;271.065;253.527;217.269;170.336;145.144;105.324;18575;155.164;10.095;0.0000;183
BB;Barbados;Barbados;2.877.110;287.375;277.011;289.444;287.025;285.324;282.131;271.515;260.936;252.394;238.896;430;6.690.953;10.012;0.0000;184
PF;French Polynesia;French Polynesia;2.825.300;280.908;310.654;296.714;279.287;273.124;266.455;240.686;199.905;153.301;110.495;4167;678.018;10.058;0.0000;185
YT;Mayotte;Mayotte;2.795.150;272.815;494.839;342.890;266.150;240.020;208.718;150.331;94.784;55.137;36.969;374;7.473.663;10.246;0.0000;186
ST;Sao Tome and Principe;Sao Tome and Principe;2.233.680;219.159;394.153;268.244;215.056;199.432;180.371;142.262;119.209;95.794;74.564;964;2.317.095;10.192;0.0000;187
WS;Samoa;Samoa;2.001.490;198.414;267.391;220.371;197.097;193.513;185.949;174.454;162.803;155.525;143.149;2842;704.254;10.087;0.0000;188
LC;Saint Lucia;Saint Lucia;1.844.000;183.627;182.129;188.738;182.790;179.126;174.085;156.729;138.020;117.822;104.015;616;2.993.506;10.042;0.0000;189
GU;Guam;Guam;1.701.790;168.775;192.780;181.147;167.294;161.853;159.444;155.329;130.482;104.133;83.877;549;3.099.800;10.083;0.0000;190
CW;Curacao;Curacao;1.647.980;164.093;175.722;170.704;163.424;159.847;149.192;132.140;146.670;147.996;143.634;444;3.711.667;10.043;0.0000;191
KI;Kiribati;Kiribati;1.213.920;119.449;176.708;139.179;117.606;110.930;102.927;84.396;72.400;59.301;51.151;811;1.496.819;10.163;0.0000;192
FM;Micronesia;Micronesia;1.162.540;115.023;138.917;126.691;113.815;108.895;102.911;107.402;96.301;72.930;61.417;702;1.656.040;10.107;0.0000;193
GD;Grenada;Grenada;1.130.210;112.523;115.564;115.779;112.003;109.599;106.233;102.833;96.331;89.032;94.475;344;3.285.494;10.044;0.0000;194
VC;Saint Vincent and the Grenadines;Saint Vincent and the Grenadines;1.112.630;110.940;109.113;113.038;110.589;109.148;108.255;107.784;107.484;100.566;90.509;389;2.860.231;10.029;0.0000;195
AW;Aruba;Aruba;1.072.040;106.766;108.716;110.247;106.314;104.341;101.669;90.853;62.149;60.096;59.063;180;5.955.778;10.041;0.0000;196
TO;Tonga;Tonga;1.067.600;105.695;134.180;115.621;104.494;100.781;103.986;97.973;95.069;92.971;84.351;747;1.429.183;10.101;0.0000;197
VI;United States Virgin Islands;United States Virgin Islands;1.042.260;104.425;86.220;100.692;104.578;104.958;106.087;108.722;103.756;99.080;64.726;347;3.003.631;6,93125;0.0000;198
SC;Seychelles;Seychelles;989.080;98.347;104.565;102.534;97.739;94.978;91.264;80.996;70.570;66.244;52.368;452;2.188.230;10.057;0.0000;199
AG;Antigua and Barbuda;Antigua and Barbuda;987.310;97.929;110.896;104.864;97.118;93.566;88.028;76.016;62.528;61.865;64.177;442;2.233.733;10.082;0.0000;200
IM;Isle of Man;Isle of Man;854.100;85.033;90.748;87.993;84.584;83.234;84.857;76.941;70.298;63.551;55.425;572;1.493.182;10.044;0.0000;201
AD;Andorra;Andorra;773.550;77.265;76.118;77.925;77.142;78.011;84.449;65.390;54.509;36.067;24.276;468;1.652.885;10.012;0.0000;202
DM;Dominica;Dominica;721.670;71.986;70.877;73.241;71.808;71.183;70.878;69.650;70.419;75.314;71.073;751;960.945;10.025;0.0000;203
KY;Cayman Islands;Cayman Islands;664.970;65.722;84.655;73.334;64.948;61.724;56.672;42.303;25.312;16.212;9.144;264;2.518.826;10.118;0.0000;204
BM;Bermuda;Bermuda;620.900;62.278;53.278;60.492;62.506;63.692;65.389;65.012;61.634;57.573;52.565;54;11.498.148;6,923611111;0.0000;205
MH;Marshall Islands;Marshall Islands;596.100;59.190;75.365;65.000;58.791;57.439;56.366;50.753;47.271;30.576;20.395;181;3.293.370;10.071;0.0000;206
MP;Northern Mariana Islands;Northern Mariana Islands;579.170;57.559;62.032;61.060;57.216;55.780;53.971;57.453;45.752;16.633;12.994;464;1.248.211;10.062;0.0000;207
GL;Greenland;Greenland;568.770;56.770;53.300;57.091;56.672;56.377;56.638;56.175;55.604;50.179;46.074;2166086;0,182638889;10.019;0.0000;208
AS;American Samoa;American Samoa;551.000;55.191;53.581;54.728;55.312;55.812;56.079;57.821;47.347;32.646;27.363;199;2.768.844;6,933333333;0.0000;209
KN;Saint Kitts and Nevis;Saint Kitts and Nevis;535.440;53.199;56.161;55.832;52.823;51.203;49.016;44.074;40.259;43.205;44.883;261;2.051.494;10.065;0.0000;210
FO;Faroe Islands;Faroe Islands;490.490;48.863;53.466;50.913;48.678;48.051;47.814;46.735;47.274;43.337;39.009;1393;352.111;10.038;0.0000;211
SX;Sint Maarten;Sint Maarten;434.120;42.876;55.017;48.076;42.388;39.968;34.168;32.564;28.812;13.100;6.864;34;12.768.235;10.125;0.0000;212
MC;Monaco;Monaco;395.110;39.242;46.002;41.777;38.964;37.718;35.612;32.147;29.438;26.745;23.484;2;197.555.000;10.069;0.0000;213
MF;Saint Martin;Saint Martin;392.340;38.666;50.825;43.269;38.002;35.858;37.582;28.935;31.520;8.771;5.712;53;7.402.642;10.147;0.0000;214
TC;Turks and Caicos Islands;Turks and Caicos Islands;392.310;38.717;50.273;43.606;38.191;35.981;32.660;20.164;12.111;7.888;5.841;948;413.829;10.133;0.0000;215
LI;Liechtenstein;Liechtenstein;382.500;38.128;40.360;39.402;38.019;37.470;35.994;33.184;28.789;25.879;21.266;160;2.390.625;10.032;0.0000;216
SM;San Marino;San Marino;340.170;33.931;33.640;34.413;33.860;33.272;31.229;27.462;24.125;21.459;19.221;61;5.576.557;10.025;0.0000;217
GI;Gibraltar;Gibraltar;336.980;33.691;33.917;33.914;33.701;33.736;33.585;31.077;29.147;30.065;28.606;6;56.163.333;10.002;0.0000;218
VG;British Virgin Islands;British Virgin Islands;304.210;30.231;31.541;31.764;30.030;29.152;27.794;20.311;17.489;11.478;9.827;151;2.014.636;10.063;0.0000;219
PW;Palau;Palau;181.690;18.094;17.718;18.476;18.008;17.665;17.955;19.105;15.058;12.179;11.811;459;395.839;10.041;0.0000;220
CK;Cook Islands;Cook Islands;175.650;17.564;17.081;17.524;17.548;17.586;18.391;17.930;18.191;17.512;21.302;236;744.280;10.001;0.0000;221
AI;Anguilla;Anguilla;151.170;15.003;16.517;15.914;14.869;14.279;13.438;11.252;8.899;7.285;6.771;91;1.661.209;10.076;0.0000;222
TV;Tuvalu;Tuvalu;119.310;11.792;15.983;13.164;11.646;11.099;10.530;9.394;8.913;7.637;5.735;26;4.588.846;10.118;0.0000;223
WF;Wallis and Futuna;Wallis and Futuna;110.940;11.239;9.131;10.389;11.432;12.266;12.689;14.694;13.800;11.231;8.853;142;781.268;6,854861111;0.0000;224
NR;Nauru;Nauru;108.760;10.824;10.794;10.991;10.756;10.383;10.005;10.337;9.505;7.741;6.552;21;5.179.048;10.048;0.0000;225
BL;Saint Barthelemy;Saint Barthelemy;99.070;9.877;10.831;10.226;9.847;9.693;9.234;7.427;5.339;3.082;2.343;21;4.717.619;10.030;0.0000;226
PM;Saint Pierre and Miquelon;Saint Pierre and Miquelon;57.660;5.794;5.247;5.677;5.822;5.993;6.353;6.294;6.393;6.131;5.552;242;238.264;6,911111111;0.0000;227
MS;Montserrat;Montserrat;49.770;4.992;4.153;4.763;4.989;4.967;4.899;4.929;10.615;11.607;11.534;102;487.941;6,923611111;0.0000;228
FK;Falkland Islands;Falkland Islands;35.330;3.480;3.243;3.436;3.377;2.834;2.901;2.892;1.982;1.854;1.992;12173;2,015277778;10.152;0.0000;229
NU;Niue;Niue;16.190;1.626;1.778;1.664;1.615;1.619;1.618;1.899;2.329;3.404;5.135;260;62.269;6,914583333;0.0000;230
TK;Tokelau;Tokelau;13.730;1.357;1.565;1.448;1.340;1.252;1.140;1.554;1.608;1.553;1.621;12;1.144.167;10.118;0.0000;231
VA;Vatican City;Holy See;5,555555556;0,55625;0,565277778;0,552083333;0,554861111;0,557638889;0,551388889;0,545138889;0,533333333;0,502777778;0,447222222;1;800;6,936111111;0.0000;232